{"global_step": 1000000, "_timestamp": 1677717434.3879368, "rollout/ep_len_mean": 1000.0, "rollout/ep_rew_mean": 25.008243560791016, "time/fps": 68.0, "_runtime": 14624.774860858917, "_step": 279, "train/actor_loss": -1365.4442138671875, "train/critic_loss": 0.849286675453186, "train/learning_rate": 0.0010000000474974513, "eval/mean_ep_length": 1000.0, "eval/mean_reward": 39.76498794555664, "_wandb": {"runtime": 14624}}